{"cameraMode":{"drawMode":0,"name":"Shaded","section":"Shading Mode"},"sceneLighting":true,"audioPlay":false,"sceneViewState":{"m_AlwaysRefresh":false,"showFog":true,"showSkybox":true,"showFlares":true,"showImageEffects":true,"showParticleSystems":true,"showVisualEffectGraphs":true,"m_FxEnabled":true},"in2DMode":false,"pivot":{"x":-1.4203933477401734,"y":-23.02281379699707,"z":-25.565671920776368},"rotation":{"x":-0.0037566025275737049,"y":-0.9303653836250305,"z":0.36654993891716006,"w":-0.009491004049777985},"size":27.981496810913087,"orthographic":false}