{"cameraMode":{"drawMode":0,"name":"Shaded","section":"Shading Mode"},"sceneLighting":true,"audioPlay":false,"sceneViewState":{"m_AlwaysRefresh":false,"showFog":true,"showSkybox":true,"showFlares":true,"showImageEffects":true,"showParticleSystems":true,"showVisualEffectGraphs":true,"m_FxEnabled":true},"in2DMode":false,"pivot":{"x":-0.3784385323524475,"y":-3.851207733154297,"z":-0.5285542607307434},"rotation":{"x":-0.7098701596260071,"y":0.0004171102191321552,"z":-0.00042771539301611483,"w":-0.7043390274047852},"size":14.384242057800293,"orthographic":false}