{"cameraMode":{"drawMode":0,"name":"Shaded","section":"Shading Mode"},"sceneLighting":true,"audioPlay":false,"sceneViewState":{"m_AlwaysRefresh":false,"showFog":true,"showSkybox":true,"showFlares":true,"showImageEffects":true,"showParticleSystems":true,"showVisualEffectGraphs":true,"m_FxEnabled":true},"in2DMode":false,"pivot":{"x":0.21035605669021607,"y":6.908361434936523,"z":-1.2543989419937134},"rotation":{"x":-0.7088468074798584,"y":0.003550246823579073,"z":-0.003653909545391798,"w":-0.7054391503334045},"size":9.689146041870118,"orthographic":false}